tender_id,bidder_id,bidder_name,requirement,status,risk_level,reason,evidence_reference
2026_EIL_909232_1,B001,Bharat Industrial Systems Pvt Ltd,GST,NOT_APPLICABLE,N/A,GST is not a requirement of this tender (not listed in tender_details.json); this bidder's GST document/registry data is retained as evidence but does not factor into the compliance decision for this tender.,EVID_B001_GST_DOCUMENT
2026_EIL_909232_1,B001,Bharat Industrial Systems Pvt Ltd,Udyam/MSME,NOT_APPLICABLE,N/A,Udyam/MSME is not a requirement of this tender (not listed in tender_details.json); this bidder's Udyam/MSME document/registry data is retained as evidence but does not factor into the compliance decision for this tender.,EVID_B001_UDYAM_DOCUMENT
2026_EIL_909232_1,B001,Bharat Industrial Systems Pvt Ltd,OEM Authorization,COMPLIANT,LOW,"Valid, active OEM authorization; authorized bidder matches the bidder name and the registry record, and the authorization has not expired.","EVID_B001_OEM_DOCUMENT,EVID_B001_OEM_REGISTRY"
2026_EIL_909232_1,B001,Bharat Industrial Systems Pvt Ltd,Debarment Status,COMPLIANT,LOW,Bidder does not appear in the synthetic debarment/blacklist registry.,EVID_B001_DEBARMENT_REGISTRY
2026_EIL_915736_1,B002,Eastern Process Equipment Pvt Ltd,GST,NOT_APPLICABLE,N/A,GST is not a requirement of this tender (not listed in tender_details.json); this bidder's GST document/registry data is retained as evidence but does not factor into the compliance decision for this tender.,EVID_B002_GST_DOCUMENT
2026_EIL_915736_1,B002,Eastern Process Equipment Pvt Ltd,Udyam/MSME,COMPLIANT,LOW,"Valid, active Udyam registration; enterprise name matches the bidder name and the registry record.","EVID_B002_UDYAM_DOCUMENT,EVID_B002_UDYAM_REGISTRY"
2026_EIL_915736_1,B002,Eastern Process Equipment Pvt Ltd,OEM Authorization,NOT_APPLICABLE,N/A,OEM Authorization is not a requirement of this tender (not listed in tender_details.json); this bidder's OEM Authorization document/registry data is retained as evidence but does not factor into the compliance decision for this tender.,EVID_B002_OEM_DOCUMENT
2026_EIL_915736_1,B002,Eastern Process Equipment Pvt Ltd,Debarment Status,COMPLIANT,LOW,Bidder does not appear in the synthetic debarment/blacklist registry.,EVID_B002_DEBARMENT_REGISTRY
2026_EIL_909232_1,B003,Apex Flow Technologies Pvt Ltd,GST,NOT_APPLICABLE,N/A,GST is not a requirement of this tender (not listed in tender_details.json); this bidder's GST document/registry data is retained as evidence but does not factor into the compliance decision for this tender.,EVID_B003_GST_DOCUMENT
2026_EIL_909232_1,B003,Apex Flow Technologies Pvt Ltd,Udyam/MSME,NOT_APPLICABLE,N/A,Udyam/MSME is not a requirement of this tender (not listed in tender_details.json); this bidder's Udyam/MSME document/registry data is retained as evidence but does not factor into the compliance decision for this tender.,EVID_B003_UDYAM_DOCUMENT
2026_EIL_909232_1,B003,Apex Flow Technologies Pvt Ltd,OEM Authorization,NON_COMPLIANT,HIGH,"OEM authorization has expired (valid only until 31-12-2024), confirmed by both the document and the synthetic OEM registry.","EVID_B003_OEM_DOCUMENT,EVID_B003_OEM_REGISTRY"
2026_EIL_909232_1,B003,Apex Flow Technologies Pvt Ltd,Debarment Status,COMPLIANT,LOW,Bidder does not appear in the synthetic debarment/blacklist registry.,EVID_B003_DEBARMENT_REGISTRY
2026_EIL_912228_1,B004,Nova Engineering Solutions Pvt Ltd,GST,NON_COMPLIANT,HIGH,"Synthetic GST registry reports the GSTIN status as INVALID, even though the submitted certificate itself appears complete and the legal name matches the bidder. [NOTE: bidder re-mapped to this tender so its designed test defect could be evaluated against an applicable requirement — see README/notes.]","EVID_B004_GST_DOCUMENT,EVID_B004_GST_REGISTRY"
2026_EIL_912228_1,B004,Nova Engineering Solutions Pvt Ltd,Udyam/MSME,NOT_APPLICABLE,N/A,Udyam/MSME is not a requirement of this tender (not listed in tender_details.json); this bidder's Udyam/MSME document/registry data is retained as evidence but does not factor into the compliance decision for this tender.,EVID_B004_UDYAM_DOCUMENT
2026_EIL_912228_1,B004,Nova Engineering Solutions Pvt Ltd,OEM Authorization,NOT_APPLICABLE,N/A,OEM Authorization is not a requirement of this tender (not listed in tender_details.json); this bidder's OEM Authorization document/registry data is retained as evidence but does not factor into the compliance decision for this tender.,EVID_B004_OEM_DOCUMENT
2026_EIL_912228_1,B004,Nova Engineering Solutions Pvt Ltd,Debarment Status,COMPLIANT,LOW,Bidder does not appear in the synthetic debarment/blacklist registry.,EVID_B004_DEBARMENT_REGISTRY
2026_EIL_915736_1,B005,Shakti Mechanical Works,GST,NOT_APPLICABLE,N/A,GST is not a requirement of this tender (not listed in tender_details.json); this bidder's GST document/registry data is retained as evidence but does not factor into the compliance decision for this tender.,EVID_B005_GST_DOCUMENT
2026_EIL_915736_1,B005,Shakti Mechanical Works,Udyam/MSME,MISSING,HIGH,"Udyam/MSME document was not submitted by the bidder. A valid Udyam registry record exists for this enterprise, but the required document itself is missing from the bid. [NOTE: bidder re-mapped to this tender so its designed test defect could be evaluated against an applicable requirement — see README/notes.]","EVID_B005_UDYAM_DOCUMENT,EVID_B005_UDYAM_REGISTRY"
2026_EIL_915736_1,B005,Shakti Mechanical Works,OEM Authorization,NOT_APPLICABLE,N/A,OEM Authorization is not a requirement of this tender (not listed in tender_details.json); this bidder's OEM Authorization document/registry data is retained as evidence but does not factor into the compliance decision for this tender.,EVID_B005_OEM_DOCUMENT
2026_EIL_915736_1,B005,Shakti Mechanical Works,Debarment Status,COMPLIANT,LOW,Bidder does not appear in the synthetic debarment/blacklist registry.,EVID_B005_DEBARMENT_REGISTRY
2026_EIL_912228_1,B006,Precision Pumps India Pvt Ltd,GST,MISMATCH,MEDIUM,"GST certificate legal name (""Precision Pumping Systems Pvt Ltd"") differs from the bidder's name (""Precision Pumps India Pvt Ltd"") used in the bid. [NOTE: bidder re-mapped to this tender so its designed test defect could be evaluated against an applicable requirement — see README/notes.]","EVID_B006_GST_DOCUMENT,EVID_B006_GST_REGISTRY"
2026_EIL_912228_1,B006,Precision Pumps India Pvt Ltd,Udyam/MSME,NOT_APPLICABLE,N/A,Udyam/MSME is not a requirement of this tender (not listed in tender_details.json); this bidder's Udyam/MSME document/registry data is retained as evidence but does not factor into the compliance decision for this tender.,EVID_B006_UDYAM_DOCUMENT
2026_EIL_912228_1,B006,Precision Pumps India Pvt Ltd,OEM Authorization,NOT_APPLICABLE,N/A,OEM Authorization is not a requirement of this tender (not listed in tender_details.json); this bidder's OEM Authorization document/registry data is retained as evidence but does not factor into the compliance decision for this tender.,EVID_B006_OEM_DOCUMENT
2026_EIL_912228_1,B006,Precision Pumps India Pvt Ltd,Debarment Status,COMPLIANT,LOW,Bidder does not appear in the synthetic debarment/blacklist registry.,EVID_B006_DEBARMENT_REGISTRY
2026_EIL_915736_1,B007,Assam Industrial Products Pvt Ltd,GST,NOT_APPLICABLE,N/A,GST is not a requirement of this tender (not listed in tender_details.json); this bidder's GST document/registry data is retained as evidence but does not factor into the compliance decision for this tender.,EVID_B007_GST_DOCUMENT
2026_EIL_915736_1,B007,Assam Industrial Products Pvt Ltd,Udyam/MSME,MISMATCH,MEDIUM,"Udyam enterprise name (""Assam Industrial Product Works Pvt Ltd"") differs from the bidder's name (""Assam Industrial Products Pvt Ltd"") used in the bid. [NOTE: bidder re-mapped to this tender so its designed test defect could be evaluated against an applicable requirement — see README/notes.]","EVID_B007_UDYAM_DOCUMENT,EVID_B007_UDYAM_REGISTRY"
2026_EIL_915736_1,B007,Assam Industrial Products Pvt Ltd,OEM Authorization,NOT_APPLICABLE,N/A,OEM Authorization is not a requirement of this tender (not listed in tender_details.json); this bidder's OEM Authorization document/registry data is retained as evidence but does not factor into the compliance decision for this tender.,EVID_B007_OEM_DOCUMENT
2026_EIL_915736_1,B007,Assam Industrial Products Pvt Ltd,Debarment Status,COMPLIANT,LOW,Bidder does not appear in the synthetic debarment/blacklist registry.,EVID_B007_DEBARMENT_REGISTRY
2026_EIL_909232_1,B008,Delta Process Systems Pvt Ltd,GST,NOT_APPLICABLE,N/A,GST is not a requirement of this tender (not listed in tender_details.json); this bidder's GST document/registry data is retained as evidence but does not factor into the compliance decision for this tender.,EVID_B008_GST_DOCUMENT
2026_EIL_909232_1,B008,Delta Process Systems Pvt Ltd,Udyam/MSME,NOT_APPLICABLE,N/A,Udyam/MSME is not a requirement of this tender (not listed in tender_details.json); this bidder's Udyam/MSME document/registry data is retained as evidence but does not factor into the compliance decision for this tender.,EVID_B008_UDYAM_DOCUMENT
2026_EIL_909232_1,B008,Delta Process Systems Pvt Ltd,OEM Authorization,NON_COMPLIANT,HIGH,"OEM authorization letter and registry both name a different bidder (""Delta Process Engineering Pvt Ltd"") than the entity submitting this bid (""Delta Process Systems Pvt Ltd"").","EVID_B008_OEM_DOCUMENT,EVID_B008_OEM_REGISTRY"
2026_EIL_909232_1,B008,Delta Process Systems Pvt Ltd,Debarment Status,COMPLIANT,LOW,Bidder does not appear in the synthetic debarment/blacklist registry.,EVID_B008_DEBARMENT_REGISTRY
2026_EIL_915736_1,B009,Meridian Engineering Pvt Ltd,GST,NOT_APPLICABLE,N/A,GST is not a requirement of this tender (not listed in tender_details.json); this bidder's GST document/registry data is retained as evidence but does not factor into the compliance decision for this tender.,EVID_B009_GST_DOCUMENT
2026_EIL_915736_1,B009,Meridian Engineering Pvt Ltd,Udyam/MSME,COMPLIANT,LOW,"Valid, active Udyam registration; enterprise name matches the bidder name and the registry record.","EVID_B009_UDYAM_DOCUMENT,EVID_B009_UDYAM_REGISTRY"
2026_EIL_915736_1,B009,Meridian Engineering Pvt Ltd,OEM Authorization,NOT_APPLICABLE,N/A,OEM Authorization is not a requirement of this tender (not listed in tender_details.json); this bidder's OEM Authorization document/registry data is retained as evidence but does not factor into the compliance decision for this tender.,EVID_B009_OEM_DOCUMENT
2026_EIL_915736_1,B009,Meridian Engineering Pvt Ltd,Debarment Status,NON_COMPLIANT,HIGH,Bidder appears in the synthetic debarment/blacklist registry and is therefore ineligible to be awarded this tender.,EVID_B009_DEBARMENT_REGISTRY
2026_EIL_912228_1,B010,National Process Equipment Pvt Ltd,GST,INCOMPLETE,HIGH,"Submitted GST certificate is missing required fields (Trade Name, Registration Date, Principal Address); verification cannot be completed even though an active registry record exists for the GSTIN.","EVID_B010_GST_DOCUMENT,EVID_B010_GST_REGISTRY"
2026_EIL_912228_1,B010,National Process Equipment Pvt Ltd,Udyam/MSME,NOT_APPLICABLE,N/A,Udyam/MSME is not a requirement of this tender (not listed in tender_details.json); this bidder's Udyam/MSME document/registry data is retained as evidence but does not factor into the compliance decision for this tender.,EVID_B010_UDYAM_DOCUMENT
2026_EIL_912228_1,B010,National Process Equipment Pvt Ltd,OEM Authorization,NOT_APPLICABLE,N/A,OEM Authorization is not a requirement of this tender (not listed in tender_details.json); this bidder's OEM Authorization document/registry data is retained as evidence but does not factor into the compliance decision for this tender.,EVID_B010_OEM_DOCUMENT
2026_EIL_912228_1,B010,National Process Equipment Pvt Ltd,Debarment Status,COMPLIANT,LOW,Bidder does not appear in the synthetic debarment/blacklist registry.,EVID_B010_DEBARMENT_REGISTRY
