gstin,legal_name,status,registration_date,cancellation_date,source
99AA01B1234C1Z1,Bharat Industrial Systems Pvt Ltd,ACTIVE,15-01-2024,,SYNTHETIC TEST REGISTRY
99AA02B1234C1Z2,Eastern Process Equipment Pvt Ltd,ACTIVE,15-02-2024,,SYNTHETIC TEST REGISTRY
99AA03B1234C1Z3,Apex Flow Technologies Pvt Ltd,ACTIVE,15-03-2024,,SYNTHETIC TEST REGISTRY
99AA04B1234C1Z4,Nova Engineering Solutions Pvt Ltd,INVALID,15-04-2024,,SYNTHETIC TEST REGISTRY
99AA05B1234C1Z5,Shakti Mechanical Works,ACTIVE,15-05-2024,,SYNTHETIC TEST REGISTRY
99AA06B1234C1Z6,Precision Pumps India Pvt Ltd,ACTIVE,15-06-2024,,SYNTHETIC TEST REGISTRY
99AA07B1234C1Z7,Assam Industrial Products Pvt Ltd,ACTIVE,15-07-2024,,SYNTHETIC TEST REGISTRY
99AA08B1234C1Z8,Delta Process Systems Pvt Ltd,ACTIVE,15-08-2024,,SYNTHETIC TEST REGISTRY
99AA09B1234C1Z9,Meridian Engineering Pvt Ltd,ACTIVE,15-09-2024,,SYNTHETIC TEST REGISTRY
99AA10B1234C1Z0,National Process Equipment Pvt Ltd,ACTIVE,15-10-2024,,SYNTHETIC TEST REGISTRY
