udyam_number,enterprise_name,status,registration_date,source
UDYAM-XX-00-000001,Bharat Industrial Systems Pvt Ltd,ACTIVE,20-01-2024,SYNTHETIC TEST REGISTRY
UDYAM-XX-00-000002,Eastern Process Equipment Pvt Ltd,ACTIVE,20-02-2024,SYNTHETIC TEST REGISTRY
UDYAM-XX-00-000003,Apex Flow Technologies Pvt Ltd,ACTIVE,20-03-2024,SYNTHETIC TEST REGISTRY
UDYAM-XX-00-000004,Nova Engineering Solutions Pvt Ltd,ACTIVE,20-04-2024,SYNTHETIC TEST REGISTRY
UDYAM-XX-00-000005,Shakti Mechanical Works,ACTIVE,20-05-2024,SYNTHETIC TEST REGISTRY
UDYAM-XX-00-000006,Precision Pumps India Pvt Ltd,ACTIVE,20-06-2024,SYNTHETIC TEST REGISTRY
UDYAM-XX-00-000007,Assam Industrial Product Works Pvt Ltd,ACTIVE,20-07-2024,SYNTHETIC TEST REGISTRY
UDYAM-XX-00-000008,Delta Process Systems Pvt Ltd,ACTIVE,20-08-2024,SYNTHETIC TEST REGISTRY
UDYAM-XX-00-000009,Meridian Engineering Pvt Ltd,ACTIVE,20-09-2024,SYNTHETIC TEST REGISTRY
UDYAM-XX-00-000010,National Process Equipment Pvt Ltd,ACTIVE,20-10-2024,SYNTHETIC TEST REGISTRY
